sample_id,class_id,class_name,instance_id,object_pixels,selected_total,interior_positive,boundary_positive,interior_region_pixels,boundary_region_pixels
hamburg_000000_091900,1,person,24000,763,100,70,30,534,229
hamburg_000000_091900,1,person,24001,893,100,70,30,625,268
hamburg_000000_091900,1,person,24002,851,100,70,30,595,256
hamburg_000000_091900,1,person,25000,12719,100,70,30,8903,3816
hamburg_000000_091900,1,person,25001,7751,100,70,30,5425,2326
hamburg_000000_091900,1,person,25002,6794,100,70,30,4755,2039
hamburg_000000_091900,2,car,26000,5219,100,70,30,3653,1566
hamburg_000000_091900,2,car,26001,16836,100,70,30,11785,5051
hamburg_000000_091900,2,car,26002,17235,100,70,30,12064,5171
hamburg_000000_091900,2,car,26003,133,100,70,30,93,40
hamburg_000000_091900,2,car,26004,7442,100,70,30,5209,2233
hamburg_000000_091900,2,car,26005,359,100,70,30,251,108
hamburg_000000_091900,2,car,26006,9683,100,70,30,6778,2905
hamburg_000000_091900,3,motorcycle,32000,11245,100,70,30,7871,3374
hamburg_000000_091900,3,motorcycle,32001,7340,100,70,30,5138,2202
hamburg_000000_091900,3,motorcycle,32002,7955,100,70,30,5568,2387
hanover_000000_026743,1,person,24000,1202,100,70,30,841,361
hanover_000000_026743,1,person,24001,808,100,70,30,565,243
hanover_000000_026743,1,person,24002,286,100,70,30,200,86
hanover_000000_026743,1,person,24003,485,100,70,30,339,146
hanover_000000_026743,1,person,24004,675,100,70,30,472,203
hanover_000000_026743,1,person,24005,387,100,70,30,270,117
hanover_000000_026743,1,person,24006,517,100,70,30,361,156
hanover_000000_026743,1,person,24007,822,100,70,30,575,247
hanover_000000_026743,1,person,24008,2785,100,70,30,1949,836
hanover_000000_026743,1,person,24009,2167,100,70,30,1516,651
hanover_000000_026743,1,person,24010,1459,100,70,30,1021,438
hanover_000000_026743,1,person,24011,1849,100,70,30,1294,555
hanover_000000_026743,1,person,24012,988,100,70,30,691,297
hanover_000000_026743,1,person,24013,1459,100,70,30,1021,438
hanover_000000_026743,2,car,26000,5133,100,70,30,3593,1540
hanover_000000_026743,2,car,26001,16185,100,70,30,11329,4856
hanover_000000_026743,2,car,26002,1034,100,70,30,723,311
hanover_000000_026743,2,car,26003,225,100,70,30,157,68
hanover_000000_026743,2,car,26004,1058,100,70,30,740,318
hanover_000000_026743,2,car,26005,1992,100,70,30,1394,598
hanover_000000_026743,2,car,26006,5315,100,70,30,3720,1595
hanover_000000_026743,2,car,26007,600,100,70,30,420,180
hanover_000000_026743,2,car,26008,1238,100,70,30,866,372
hanover_000000_026743,2,car,26009,3423,100,70,30,2396,1027
hanover_000000_026743,2,car,26010,2361,100,70,30,1652,709
hanover_000000_026743,3,motorcycle,32000,11190,100,70,30,7833,3357
hanover_000000_026743,3,motorcycle,32001,9849,100,70,30,6894,2955
hanover_000000_026743,3,motorcycle,32002,254,100,70,30,177,77
hanover_000000_026743,3,motorcycle,32003,820,100,70,30,574,246
bremen_000054_000019,1,person,24000,531,100,70,30,371,160
bremen_000054_000019,1,person,24001,537,100,70,30,375,162
bremen_000054_000019,1,person,24002,740,100,70,30,518,222
bremen_000054_000019,1,person,24003,3232,100,70,30,2262,970
bremen_000054_000019,1,person,24004,472,100,70,30,330,142
bremen_000054_000019,1,person,25000,5925,100,70,30,4147,1778
bremen_000054_000019,1,person,25001,9467,100,70,30,6626,2841
bremen_000054_000019,2,car,26000,909,100,70,30,636,273
bremen_000054_000019,2,car,26001,4618,100,70,30,3232,1386
bremen_000054_000019,2,car,26002,5562,100,70,30,3893,1669
bremen_000054_000019,2,car,26003,791,100,70,30,553,238
bremen_000054_000019,2,car,26004,14286,100,70,30,10000,4286
bremen_000054_000019,3,motorcycle,32000,524,100,70,30,366,158
bremen_000054_000019,3,motorcycle,32001,13547,100,70,30,9482,4065
weimar_000017_000019,1,person,24000,515,100,70,30,360,155
weimar_000017_000019,1,person,24001,1849,100,70,30,1294,555
weimar_000017_000019,1,person,24002,3409,100,70,30,2386,1023
weimar_000017_000019,1,person,24003,6066,100,70,30,4246,1820
weimar_000017_000019,1,person,24004,388,100,70,30,271,117
weimar_000017_000019,1,person,24005,758,100,70,30,530,228
weimar_000017_000019,1,person,24006,1207,100,70,30,844,363
weimar_000017_000019,1,person,24007,1494,100,70,30,1045,449
weimar_000017_000019,1,person,24008,1156,100,70,30,809,347
weimar_000017_000019,1,person,25000,7625,100,70,30,5337,2288
weimar_000017_000019,1,person,25001,18539,100,70,30,12977,5562
weimar_000017_000019,2,car,26000,42045,100,70,30,29431,12614
weimar_000017_000019,2,car,26001,50,50,35,15,35,15
weimar_000017_000019,2,car,26002,643,100,70,30,450,193
weimar_000017_000019,2,car,26003,11987,100,70,30,8390,3597
weimar_000017_000019,3,motorcycle,32000,30633,100,70,30,21443,9190
monchengladbach_000000_002255,1,person,25000,3227,100,70,30,2258,969
monchengladbach_000000_002255,1,person,25001,15178,100,70,30,10624,4554
monchengladbach_000000_002255,2,car,26000,493,100,70,30,345,148
monchengladbach_000000_002255,2,car,26001,2893,100,70,30,2025,868
monchengladbach_000000_002255,2,car,26002,2030,100,70,30,1421,609
monchengladbach_000000_002255,2,car,26003,3011,100,70,30,2107,904
monchengladbach_000000_002255,2,car,26004,5307,100,70,30,3714,1593
monchengladbach_000000_002255,2,car,26005,6195,100,70,30,4336,1859
monchengladbach_000000_002255,2,car,26006,4555,100,70,30,3188,1367
monchengladbach_000000_002255,2,car,26007,2589,100,70,30,1812,777
monchengladbach_000000_002255,3,motorcycle,32000,10721,100,70,30,7504,3217
zurich_000052_000019,1,person,24000,160,100,70,30,112,48
zurich_000052_000019,1,person,24001,224,100,70,30,156,68
zurich_000052_000019,1,person,24002,1350,100,70,30,945,405
zurich_000052_000019,1,person,24003,882,100,70,30,617,265
zurich_000052_000019,1,person,24004,5180,100,70,30,3626,1554
zurich_000052_000019,1,person,24005,6003,100,70,30,4202,1801
zurich_000052_000019,1,person,24006,3137,100,70,30,2195,942
zurich_000052_000019,1,person,25000,1900,100,70,30,1330,570
zurich_000052_000019,1,person,25001,2090,100,70,30,1463,627
zurich_000052_000019,1,person,25002,432,100,70,30,302,130
zurich_000052_000019,2,car,26000,284,100,70,30,198,86
zurich_000052_000019,2,car,26001,186,100,70,30,130,56
zurich_000052_000019,2,car,26002,284,100,70,30,198,86
zurich_000052_000019,2,car,26003,1333,100,70,30,933,400
zurich_000052_000019,2,car,26004,1855,100,70,30,1298,557
zurich_000052_000019,2,car,26005,410,100,70,30,287,123
zurich_000052_000019,2,car,26006,3851,100,70,30,2695,1156
zurich_000052_000019,2,car,26007,25521,100,70,30,17864,7657
zurich_000052_000019,3,motorcycle,32000,5278,100,70,30,3694,1584
zurich_000052_000019,3,motorcycle,32001,1620,100,70,30,1134,486
zurich_000052_000019,3,motorcycle,32002,857,100,70,30,599,258
ulm_000069_000019,1,person,25003,7556,100,70,30,5289,2267
ulm_000069_000019,1,person,25004,87180,100,70,30,61026,26154
ulm_000069_000019,1,person,25005,22684,100,70,30,15878,6806
ulm_000069_000019,2,car,26000,476,100,70,30,333,143
ulm_000069_000019,2,car,26001,1605,100,70,30,1123,482
ulm_000069_000019,2,car,26002,20648,100,70,30,14453,6195
ulm_000069_000019,2,car,26003,6229,100,70,30,4360,1869
ulm_000069_000019,2,car,26004,60679,100,70,30,42475,18204
ulm_000069_000019,2,car,26005,148783,100,70,30,104148,44635
ulm_000069_000019,2,car,26006,10882,100,70,30,7617,3265
ulm_000069_000019,2,car,26007,1780,100,70,30,1246,534
ulm_000069_000019,2,car,26008,105796,100,70,30,74057,31739
ulm_000069_000019,3,motorcycle,32000,868,100,70,30,607,261
ulm_000069_000019,3,motorcycle,32001,243,100,70,30,170,73
ulm_000069_000019,3,motorcycle,32002,43386,100,70,30,30370,13016
ulm_000069_000019,3,motorcycle,32003,35811,100,70,30,25067,10744
strasbourg_000001_005289,1,person,24000,10210,100,70,30,7147,3063
strasbourg_000001_005289,1,person,24001,10571,100,70,30,7399,3172
strasbourg_000001_005289,2,car,26000,151,100,70,30,105,46
strasbourg_000001_005289,2,car,26001,5136,100,70,30,3595,1541
strasbourg_000001_005289,2,car,26002,1870,100,70,30,1309,561
strasbourg_000001_005289,2,car,26003,469,100,70,30,328,141
strasbourg_000001_005289,2,car,26004,2503,100,70,30,1752,751
strasbourg_000001_005289,2,car,26005,792,100,70,30,554,238
strasbourg_000001_005289,2,car,26006,18779,100,70,30,13145,5634
strasbourg_000001_005289,3,motorcycle,32000,9395,100,70,30,6576,2819
bremen_000052_000019,1,person,24000,1392,100,70,30,974,418
bremen_000052_000019,1,person,24001,287,100,70,30,200,87
bremen_000052_000019,1,person,24002,1467,100,70,30,1026,441
bremen_000052_000019,1,person,24003,1677,100,70,30,1173,504
bremen_000052_000019,1,person,24004,1489,100,70,30,1042,447
bremen_000052_000019,1,person,24005,1102,100,70,30,771,331
bremen_000052_000019,1,person,24006,1120,100,70,30,784,336
bremen_000052_000019,1,person,24007,1037,100,70,30,725,312
bremen_000052_000019,1,person,24008,1466,100,70,30,1026,440
bremen_000052_000019,1,person,24009,759,100,70,30,531,228
bremen_000052_000019,1,person,24010,1181,100,70,30,826,355
bremen_000052_000019,1,person,24011,1226,100,70,30,858,368
bremen_000052_000019,1,person,24012,406,100,70,30,284,122
bremen_000052_000019,1,person,24013,1341,100,70,30,938,403
bremen_000052_000019,1,person,24014,1240,100,70,30,868,372
bremen_000052_000019,1,person,24015,709,100,70,30,496,213
bremen_000052_000019,1,person,24016,1832,100,70,30,1282,550
bremen_000052_000019,1,person,24017,1494,100,70,30,1045,449
bremen_000052_000019,1,person,24018,1644,100,70,30,1150,494
bremen_000052_000019,1,person,24019,200,100,70,30,140,60
bremen_000052_000019,1,person,24020,271,100,70,30,189,82
bremen_000052_000019,1,person,25000,2781,100,70,30,1946,835
bremen_000052_000019,1,person,25001,12008,100,70,30,8405,3603
bremen_000052_000019,1,person,25002,7962,100,70,30,5573,2389
bremen_000052_000019,1,person,25003,1568,100,70,30,1097,471
bremen_000052_000019,1,person,25004,850,100,70,30,595,255
bremen_000052_000019,1,person,25005,1279,100,70,30,895,384
bremen_000052_000019,2,car,26000,859,100,70,30,601,258
bremen_000052_000019,2,car,26001,2573,100,70,30,1801,772
bremen_000052_000019,2,car,26002,699,100,70,30,489,210
bremen_000052_000019,2,car,26003,958,100,70,30,670,288
bremen_000052_000019,2,car,26004,167,100,70,30,116,51
bremen_000052_000019,2,car,26005,2433,100,70,30,1703,730
bremen_000052_000019,2,car,26006,16559,100,70,30,11591,4968
bremen_000052_000019,2,car,26007,23775,100,70,30,16642,7133
bremen_000052_000019,2,car,26008,45201,100,70,30,31640,13561
bremen_000052_000019,2,car,26009,16874,100,70,30,11811,5063
bremen_000052_000019,3,motorcycle,32000,225,100,70,30,157,68
bremen_000052_000019,3,motorcycle,32001,9391,100,70,30,6573,2818
hamburg_000000_071675,1,person,24000,53,53,37,16,37,16
hamburg_000000_071675,1,person,24001,111,100,70,30,77,34
hamburg_000000_071675,1,person,24002,114,100,70,30,79,35
hamburg_000000_071675,1,person,24003,196,100,70,30,137,59
hamburg_000000_071675,1,person,24004,259,100,70,30,181,78
hamburg_000000_071675,1,person,24005,264,100,70,30,184,80
hamburg_000000_071675,1,person,24006,182,100,70,30,127,55
hamburg_000000_071675,1,person,24007,4164,100,70,30,2914,1250
hamburg_000000_071675,1,person,24008,2560,100,70,30,1792,768
hamburg_000000_071675,1,person,24009,1615,100,70,30,1130,485
hamburg_000000_071675,1,person,24010,3705,100,70,30,2593,1112
hamburg_000000_071675,1,person,24011,4390,100,70,30,3073,1317
hamburg_000000_071675,1,person,24013,92,92,64,28,64,28
hamburg_000000_071675,1,person,24014,42,42,29,13,29,13
hamburg_000000_071675,1,person,24015,1839,100,70,30,1287,552
hamburg_000000_071675,2,car,26000,2390,100,70,30,1673,717
hamburg_000000_071675,2,car,26001,1113,100,70,30,779,334
hamburg_000000_071675,2,car,26002,289,100,70,30,202,87
hamburg_000000_071675,2,car,26003,5967,100,70,30,4176,1791
hamburg_000000_071675,2,car,26004,38136,100,70,30,26695,11441
hamburg_000000_071675,2,car,26005,244,100,70,30,170,74
hamburg_000000_071675,2,car,26006,330,100,70,30,231,99
hamburg_000000_071675,2,car,26007,482,100,70,30,337,145
hamburg_000000_071675,2,car,26008,70,70,49,21,49,21
hamburg_000000_071675,2,car,26009,235,100,70,30,164,71
hamburg_000000_071675,2,car,26010,443,100,70,30,310,133
hamburg_000000_071675,2,car,26011,431,100,70,30,301,130
hamburg_000000_071675,2,car,26012,360,100,70,30,252,108
hamburg_000000_071675,2,car,26013,969,100,70,30,678,291
hamburg_000000_071675,2,car,26014,19055,100,70,30,13338,5717
hamburg_000000_071675,3,motorcycle,32000,1034,100,70,30,723,311
hamburg_000000_071675,3,motorcycle,32001,9260,100,70,30,6482,2778
zurich_000069_000019,1,person,24000,357,100,70,30,249,108
zurich_000069_000019,1,person,24001,516,100,70,30,361,155
zurich_000069_000019,1,person,24002,1229,100,70,30,860,369
zurich_000069_000019,1,person,24003,724,100,70,30,506,218
zurich_000069_000019,1,person,24004,1003,100,70,30,702,301
zurich_000069_000019,1,person,24005,716,100,70,30,501,215
zurich_000069_000019,1,person,24006,26051,100,70,30,18235,7816
zurich_000069_000019,1,person,24007,12786,100,70,30,8950,3836
zurich_000069_000019,1,person,24008,7475,100,70,30,5232,2243
zurich_000069_000019,2,car,26000,14668,100,70,30,10267,4401
zurich_000069_000019,2,car,26001,34420,100,70,30,24094,10326
zurich_000069_000019,2,car,26002,73233,100,70,30,51263,21970
zurich_000069_000019,2,car,26003,49197,100,70,30,34437,14760
zurich_000069_000019,2,car,26004,55481,100,70,30,38836,16645
zurich_000069_000019,2,car,26005,13478,100,70,30,9434,4044
zurich_000069_000019,3,motorcycle,32000,2293,100,70,30,1605,688
zurich_000069_000019,3,motorcycle,32001,7733,100,70,30,5413,2320
zurich_000069_000019,3,motorcycle,32002,6854,100,70,30,4797,2057
zurich_000069_000019,3,motorcycle,32003,7273,100,70,30,5091,2182
zurich_000069_000019,3,motorcycle,32004,13868,100,70,30,9707,4161
hamburg_000000_018592,1,person,24000,3230,100,70,30,2261,969
hamburg_000000_018592,1,person,24001,1658,100,70,30,1160,498
hamburg_000000_018592,1,person,24002,406,100,70,30,284,122
hamburg_000000_018592,1,person,24003,15980,100,70,30,11186,4794
hamburg_000000_018592,2,car,26000,314,100,70,30,219,95
hamburg_000000_018592,2,car,26001,25,25,17,8,17,8
hamburg_000000_018592,2,car,26002,2498,100,70,30,1748,750
hamburg_000000_018592,2,car,26003,443,100,70,30,310,133
hamburg_000000_018592,2,car,26004,2106,100,70,30,1474,632
hamburg_000000_018592,2,car,26005,1829,100,70,30,1280,549
hamburg_000000_018592,2,car,26006,2720,100,70,30,1904,816
hamburg_000000_018592,2,car,26007,760,100,70,30,532,228
hamburg_000000_018592,2,car,26008,5396,100,70,30,3777,1619
hamburg_000000_018592,2,car,26009,408,100,70,30,285,123
hamburg_000000_018592,2,car,26010,25976,100,70,30,18183,7793
hamburg_000000_018592,2,car,26011,591,100,70,30,413,178
hamburg_000000_018592,2,car,26012,844,100,70,30,590,254
hamburg_000000_018592,2,car,26013,505,100,70,30,353,152
hamburg_000000_018592,2,car,26014,258,100,70,30,180,78
hamburg_000000_018592,2,car,26015,2469,100,70,30,1728,741
hamburg_000000_018592,2,car,26016,769,100,70,30,538,231
hamburg_000000_018592,2,car,26017,1257,100,70,30,879,378
hamburg_000000_018592,2,car,26018,2851,100,70,30,1995,856
hamburg_000000_018592,2,car,26019,5523,100,70,30,3866,1657
hamburg_000000_018592,2,car,26020,34300,100,70,30,24010,10290
hamburg_000000_018592,2,car,26021,277,100,70,30,193,84
hamburg_000000_018592,2,car,26022,47,47,33,14,33,14
hamburg_000000_018592,2,car,26023,268,100,70,30,187,81
hamburg_000000_018592,2,car,26024,140,100,70,30,98,42
hamburg_000000_018592,2,car,26025,175,100,70,30,122,53
hamburg_000000_018592,3,motorcycle,32000,2445,100,70,30,1711,734
hamburg_000000_018592,3,motorcycle,32001,11126,100,70,30,7788,3338
cologne_000054_000019,1,person,24000,111,100,70,30,77,34
cologne_000054_000019,1,person,24001,201,100,70,30,140,61
cologne_000054_000019,1,person,24002,489,100,70,30,342,147
cologne_000054_000019,1,person,24003,1012,100,70,30,708,304
cologne_000054_000019,1,person,24004,854,100,70,30,597,257
cologne_000054_000019,1,person,24005,696,100,70,30,487,209
cologne_000054_000019,1,person,24006,2128,100,70,30,1489,639
cologne_000054_000019,1,person,24007,1320,100,70,30,924,396
cologne_000054_000019,1,person,24008,64,64,45,19,45,19
cologne_000054_000019,1,person,24009,14915,100,70,30,10440,4475
cologne_000054_000019,2,car,26000,463,100,70,30,324,139
cologne_000054_000019,2,car,26001,781,100,70,30,546,235
cologne_000054_000019,2,car,26002,558,100,70,30,390,168
cologne_000054_000019,2,car,26003,1188,100,70,30,831,357
cologne_000054_000019,2,car,26004,583,100,70,30,408,175
cologne_000054_000019,2,car,26005,6244,100,70,30,4370,1874
cologne_000054_000019,2,car,26006,2051,100,70,30,1435,616
cologne_000054_000019,2,car,26007,3745,100,70,30,2621,1124
cologne_000054_000019,2,car,26008,15658,100,70,30,10960,4698
cologne_000054_000019,2,car,26009,21103,100,70,30,14772,6331
cologne_000054_000019,2,car,26010,54035,100,70,30,37824,16211
cologne_000054_000019,2,car,26011,51267,100,70,30,35886,15381
cologne_000054_000019,3,motorcycle,32000,10991,100,70,30,7693,3298
cologne_000054_000019,3,motorcycle,32001,19414,100,70,30,13589,5825
hanover_000000_040051,1,person,24000,151,100,70,30,105,46
hanover_000000_040051,1,person,24001,164,100,70,30,114,50
hanover_000000_040051,1,person,24002,405,100,70,30,283,122
hanover_000000_040051,1,person,24003,127,100,70,30,88,39
hanover_000000_040051,1,person,24004,1365,100,70,30,955,410
hanover_000000_040051,1,person,24005,1683,100,70,30,1178,505
hanover_000000_040051,1,person,24006,248,100,70,30,173,75
hanover_000000_040051,1,person,24007,1966,100,70,30,1376,590
hanover_000000_040051,1,person,24008,764,100,70,30,534,230
hanover_000000_040051,1,person,24009,886,100,70,30,620,266
hanover_000000_040051,1,person,24010,3151,100,70,30,2205,946
hanover_000000_040051,1,person,24011,1399,100,70,30,979,420
hanover_000000_040051,1,person,24012,971,100,70,30,679,292
hanover_000000_040051,1,person,24013,480,100,70,30,336,144
hanover_000000_040051,1,person,24014,904,100,70,30,632,272
hanover_000000_040051,1,person,24015,4241,100,70,30,2968,1273
hanover_000000_040051,1,person,24016,1904,100,70,30,1332,572
hanover_000000_040051,2,car,26000,330,100,70,30,231,99
hanover_000000_040051,2,car,26001,17936,100,70,30,12555,5381
hanover_000000_040051,2,car,26002,6294,100,70,30,4405,1889
hanover_000000_040051,2,car,26003,38581,100,70,30,27006,11575
hanover_000000_040051,2,car,26004,10939,100,70,30,7657,3282
hanover_000000_040051,3,motorcycle,32000,16818,100,70,30,11772,5046
hamburg_000000_088983,1,person,24000,177,100,70,30,123,54
hamburg_000000_088983,1,person,24001,75,75,53,22,53,22
hamburg_000000_088983,1,person,24002,1064,100,70,30,744,320
hamburg_000000_088983,1,person,24003,6787,100,70,30,4750,2037
hamburg_000000_088983,1,person,24004,4406,100,70,30,3084,1322
hamburg_000000_088983,1,person,24005,1435,100,70,30,1004,431
hamburg_000000_088983,1,person,24006,7586,100,70,30,5310,2276
hamburg_000000_088983,1,person,24007,19065,100,70,30,13345,5720
hamburg_000000_088983,1,person,24008,3444,100,70,30,2410,1034
hamburg_000000_088983,1,person,24009,27252,100,70,30,19076,8176
hamburg_000000_088983,1,person,25000,6115,100,70,30,4280,1835
hamburg_000000_088983,2,car,26000,432,100,70,30,302,130
hamburg_000000_088983,2,car,26001,708,100,70,30,495,213
hamburg_000000_088983,2,car,26002,2894,100,70,30,2025,869
hamburg_000000_088983,2,car,26003,1219,100,70,30,853,366
hamburg_000000_088983,2,car,26004,1581,100,70,30,1106,475
hamburg_000000_088983,2,car,26005,331,100,70,30,231,100
hamburg_000000_088983,2,car,26006,1064,100,70,30,744,320
hamburg_000000_088983,2,car,26007,547,100,70,30,382,165
hamburg_000000_088983,2,car,26008,28,28,20,8,20,8
hamburg_000000_088983,2,car,26009,503,100,70,30,352,151
hamburg_000000_088983,2,car,26010,428,100,70,30,299,129
hamburg_000000_088983,2,car,26011,349,100,70,30,244,105
hamburg_000000_088983,2,car,26012,1188,100,70,30,831,357
hamburg_000000_088983,2,car,26013,835,100,70,30,584,251
hamburg_000000_088983,2,car,26014,1381,100,70,30,966,415
hamburg_000000_088983,2,car,26015,2709,100,70,30,1896,813
hamburg_000000_088983,2,car,26016,4008,100,70,30,2805,1203
hamburg_000000_088983,2,car,26017,49304,100,70,30,34512,14792
hamburg_000000_088983,2,car,26018,169984,100,70,30,118988,50996
hamburg_000000_088983,2,car,26019,47819,100,70,30,33473,14346
hamburg_000000_088983,3,motorcycle,32000,6785,100,70,30,4749,2036
hamburg_000000_088983,3,motorcycle,32001,14248,100,70,30,9973,4275
tubingen_000052_000019,1,person,24000,2337,100,70,30,1635,702
tubingen_000052_000019,1,person,24001,1929,100,70,30,1350,579
tubingen_000052_000019,1,person,24002,2177,100,70,30,1523,654
tubingen_000052_000019,1,person,25000,3622,100,70,30,2535,1087
tubingen_000052_000019,1,person,25001,1239,100,70,30,867,372
tubingen_000052_000019,2,car,26000,3178,100,70,30,2224,954
tubingen_000052_000019,2,car,26001,2057,100,70,30,1439,618
tubingen_000052_000019,2,car,26002,5377,100,70,30,3763,1614
tubingen_000052_000019,2,car,26003,22204,100,70,30,15542,6662
tubingen_000052_000019,2,car,26004,8380,100,70,30,5866,2514
tubingen_000052_000019,2,car,26005,7222,100,70,30,5055,2167
tubingen_000052_000019,2,car,26006,9278,100,70,30,6494,2784
tubingen_000052_000019,2,car,26007,9852,100,70,30,6896,2956
tubingen_000052_000019,2,car,26008,972,100,70,30,680,292
tubingen_000052_000019,2,car,26009,799,100,70,30,559,240
tubingen_000052_000019,2,car,26010,16859,100,70,30,11801,5058
tubingen_000052_000019,3,motorcycle,32000,1142,100,70,30,799,343
tubingen_000052_000019,3,motorcycle,32001,12066,100,70,30,8446,3620
aachen_000041_000019,1,person,24000,622,100,70,30,435,187
aachen_000041_000019,1,person,24001,238,100,70,30,166,72
aachen_000041_000019,1,person,24002,1068,100,70,30,747,321
aachen_000041_000019,1,person,24003,1682,100,70,30,1177,505
aachen_000041_000019,1,person,24004,5829,100,70,30,4080,1749
aachen_000041_000019,1,person,24005,13322,100,70,30,9325,3997
aachen_000041_000019,1,person,24006,9308,100,70,30,6515,2793
aachen_000041_000019,1,person,24007,9168,100,70,30,6417,2751
aachen_000041_000019,1,person,24008,621,100,70,30,434,187
aachen_000041_000019,1,person,24009,632,100,70,30,442,190
aachen_000041_000019,2,car,26000,148742,100,70,30,104119,44623
aachen_000041_000019,2,car,26001,1802,100,70,30,1261,541
aachen_000041_000019,2,car,26002,335,100,70,30,234,101
aachen_000041_000019,2,car,26003,1658,100,70,30,1160,498
aachen_000041_000019,2,car,26004,7014,100,70,30,4909,2105
aachen_000041_000019,2,car,26005,4723,100,70,30,3306,1417
aachen_000041_000019,2,car,26006,23720,100,70,30,16604,7116
aachen_000041_000019,2,car,26007,14867,100,70,30,10406,4461
aachen_000041_000019,3,motorcycle,32000,35507,100,70,30,24854,10653
zurich_000041_000019,1,person,24000,1230,100,70,30,861,369
zurich_000041_000019,1,person,24001,2612,100,70,30,1828,784
zurich_000041_000019,1,person,24002,2173,100,70,30,1521,652
zurich_000041_000019,1,person,24003,6686,100,70,30,4680,2006
zurich_000041_000019,1,person,24004,766,100,70,30,536,230
zurich_000041_000019,1,person,24005,147,100,70,30,102,45
zurich_000041_000019,1,person,24006,779,100,70,30,545,234
zurich_000041_000019,1,person,24007,218,100,70,30,152,66
zurich_000041_000019,1,person,24008,328,100,70,30,229,99
zurich_000041_000019,1,person,24009,805,100,70,30,563,242
zurich_000041_000019,1,person,24010,116,100,70,30,81,35
zurich_000041_000019,1,person,24011,229,100,70,30,160,69
zurich_000041_000019,1,person,24012,222,100,70,30,155,67
zurich_000041_000019,1,person,24013,542,100,70,30,379,163
zurich_000041_000019,1,person,24014,110,100,70,30,77,33
zurich_000041_000019,1,person,25000,1936,100,70,30,1355,581
zurich_000041_000019,1,person,25001,1488,100,70,30,1041,447
zurich_000041_000019,1,person,25002,35516,100,70,30,24861,10655
zurich_000041_000019,2,car,26000,3719,100,70,30,2603,1116
zurich_000041_000019,2,car,26001,10976,100,70,30,7683,3293
zurich_000041_000019,2,car,26002,79343,100,70,30,55540,23803
zurich_000041_000019,2,car,26003,312676,100,70,30,218873,93803
zurich_000041_000019,3,motorcycle,32000,8874,100,70,30,6211,2663
zurich_000041_000019,3,motorcycle,32001,52801,100,70,30,36960,15841
hamburg_000000_027304,1,person,24000,674,100,70,30,471,203
hamburg_000000_027304,1,person,24001,1071,100,70,30,749,322
hamburg_000000_027304,1,person,24002,615,100,70,30,430,185
hamburg_000000_027304,1,person,24003,177,100,70,30,123,54
hamburg_000000_027304,1,person,24004,1101,100,70,30,770,331
hamburg_000000_027304,1,person,24005,162,100,70,30,113,49
hamburg_000000_027304,1,person,24006,1495,100,70,30,1046,449
hamburg_000000_027304,1,person,24007,1603,100,70,30,1122,481
hamburg_000000_027304,1,person,24008,3118,100,70,30,2182,936
hamburg_000000_027304,1,person,24009,4345,100,70,30,3041,1304
hamburg_000000_027304,1,person,24010,2639,100,70,30,1847,792
hamburg_000000_027304,1,person,24011,299,100,70,30,209,90
hamburg_000000_027304,1,person,24012,3941,100,70,30,2758,1183
hamburg_000000_027304,1,person,24013,3112,100,70,30,2178,934
hamburg_000000_027304,1,person,24014,382,100,70,30,267,115
hamburg_000000_027304,1,person,24015,903,100,70,30,632,271
hamburg_000000_027304,1,person,24016,7345,100,70,30,5141,2204
hamburg_000000_027304,1,person,25000,1432,100,70,30,1002,430
hamburg_000000_027304,2,car,26000,1844,100,70,30,1290,554
hamburg_000000_027304,2,car,26001,852,100,70,30,596,256
hamburg_000000_027304,2,car,26002,2150,100,70,30,1505,645
hamburg_000000_027304,2,car,26003,15993,100,70,30,11195,4798
hamburg_000000_027304,2,car,26004,31051,100,70,30,21735,9316
hamburg_000000_027304,2,car,26005,65519,100,70,30,45863,19656
hamburg_000000_027304,2,car,26006,8965,100,70,30,6275,2690
hamburg_000000_027304,2,car,26007,427,100,70,30,298,129
hamburg_000000_027304,2,car,26008,3225,100,70,30,2257,968
hamburg_000000_027304,2,car,26009,3719,100,70,30,2603,1116
hamburg_000000_027304,2,car,26010,70127,100,70,30,49088,21039
hamburg_000000_027304,3,motorcycle,32000,32627,100,70,30,22838,9789
bremen_000217_000019,1,person,24000,312,100,70,30,218,94
bremen_000217_000019,1,person,24001,194,100,70,30,135,59
bremen_000217_000019,1,person,24002,267,100,70,30,186,81
bremen_000217_000019,1,person,24003,225,100,70,30,157,68
bremen_000217_000019,1,person,24004,88,88,62,26,62,26
bremen_000217_000019,1,person,24005,396,100,70,30,277,119
bremen_000217_000019,1,person,24006,707,100,70,30,494,213
bremen_000217_000019,1,person,24007,2762,100,70,30,1933,829
bremen_000217_000019,1,person,24008,90,90,63,27,63,27
bremen_000217_000019,1,person,24009,830,100,70,30,581,249
bremen_000217_000019,1,person,24010,1332,100,70,30,932,400
bremen_000217_000019,1,person,24011,1678,100,70,30,1174,504
bremen_000217_000019,1,person,24012,2706,100,70,30,1894,812
bremen_000217_000019,1,person,24013,2242,100,70,30,1569,673
bremen_000217_000019,1,person,24014,4295,100,70,30,3006,1289
bremen_000217_000019,1,person,24015,3888,100,70,30,2721,1167
bremen_000217_000019,1,person,25000,133,100,70,30,93,40
bremen_000217_000019,1,person,25001,9439,100,70,30,6607,2832
bremen_000217_000019,2,car,26000,129,100,70,30,90,39
bremen_000217_000019,2,car,26001,135478,100,70,30,94834,40644
bremen_000217_000019,2,car,26002,619,100,70,30,433,186
bremen_000217_000019,2,car,26003,2036,100,70,30,1425,611
bremen_000217_000019,3,motorcycle,32000,22140,100,70,30,15498,6642
tubingen_000056_000019,1,person,24000,474,100,70,30,331,143
tubingen_000056_000019,1,person,24001,230,100,70,30,161,69
tubingen_000056_000019,1,person,24002,680,100,70,30,476,204
tubingen_000056_000019,1,person,24003,498,100,70,30,348,150
tubingen_000056_000019,1,person,24004,413,100,70,30,289,124
tubingen_000056_000019,1,person,24005,1314,100,70,30,919,395
tubingen_000056_000019,1,person,24006,1069,100,70,30,748,321
tubingen_000056_000019,1,person,24007,22395,100,70,30,15676,6719
tubingen_000056_000019,1,person,24008,324,100,70,30,226,98
tubingen_000056_000019,1,person,24009,179,100,70,30,125,54
tubingen_000056_000019,1,person,24010,1192,100,70,30,834,358
tubingen_000056_000019,1,person,24011,5153,100,70,30,3607,1546
tubingen_000056_000019,1,person,24012,4009,100,70,30,2806,1203
tubingen_000056_000019,1,person,24013,6994,100,70,30,4895,2099
tubingen_000056_000019,2,car,26000,9428,100,70,30,6599,2829
tubingen_000056_000019,2,car,26001,21518,100,70,30,15062,6456
tubingen_000056_000019,2,car,26002,1255,100,70,30,878,377
tubingen_000056_000019,2,car,26003,7345,100,70,30,5141,2204
tubingen_000056_000019,2,car,26004,98289,100,70,30,68802,29487
tubingen_000056_000019,3,motorcycle,32000,11450,100,70,30,8015,3435
strasbourg_000000_013223,1,person,24000,38,38,27,11,27,11
strasbourg_000000_013223,1,person,24001,695,100,70,30,486,209
strasbourg_000000_013223,1,person,24002,448,100,70,30,313,135
strasbourg_000000_013223,1,person,24003,679,100,70,30,475,204
strasbourg_000000_013223,1,person,24004,98,98,69,29,69,29
strasbourg_000000_013223,1,person,24005,216,100,70,30,151,65
strasbourg_000000_013223,1,person,24006,89,89,62,27,62,27
strasbourg_000000_013223,1,person,24007,3766,100,70,30,2636,1130
strasbourg_000000_013223,1,person,24008,12814,100,70,30,8969,3845
strasbourg_000000_013223,1,person,25000,164,100,70,30,114,50
strasbourg_000000_013223,2,car,26000,241,100,70,30,168,73
strasbourg_000000_013223,2,car,26001,16017,100,70,30,11211,4806
strasbourg_000000_013223,2,car,26002,54806,100,70,30,38364,16442
strasbourg_000000_013223,2,car,26003,1547,100,70,30,1082,465
strasbourg_000000_013223,2,car,26004,1423,100,70,30,996,427
strasbourg_000000_013223,2,car,26005,849,100,70,30,594,255
strasbourg_000000_013223,2,car,26006,276,100,70,30,193,83
strasbourg_000000_013223,2,car,26007,339,100,70,30,237,102
strasbourg_000000_013223,2,car,26008,1140,100,70,30,798,342
strasbourg_000000_013223,2,car,26009,598,100,70,30,418,180
strasbourg_000000_013223,2,car,26010,1199,100,70,30,839,360
strasbourg_000000_013223,2,car,26011,260,100,70,30,182,78
strasbourg_000000_013223,2,car,26012,450,100,70,30,315,135
strasbourg_000000_013223,2,car,26013,3790,100,70,30,2653,1137
strasbourg_000000_013223,2,car,26014,5916,100,70,30,4141,1775
strasbourg_000000_013223,2,car,26015,7442,100,70,30,5209,2233
strasbourg_000000_013223,3,motorcycle,32000,554,100,70,30,387,167
strasbourg_000000_013223,3,motorcycle,32001,7650,100,70,30,5355,2295
strasbourg_000001_024152,1,person,24000,1509,100,70,30,1056,453
strasbourg_000001_024152,1,person,25000,3106,100,70,30,2174,932
strasbourg_000001_024152,1,person,25001,6225,100,70,30,4357,1868
strasbourg_000001_024152,2,car,26000,2748,100,70,30,1923,825
strasbourg_000001_024152,2,car,26001,1041,100,70,30,728,313
strasbourg_000001_024152,2,car,26002,513,100,70,30,359,154
strasbourg_000001_024152,2,car,26003,1632,100,70,30,1142,490
strasbourg_000001_024152,2,car,26004,4415,100,70,30,3090,1325
strasbourg_000001_024152,2,car,26005,11501,100,70,30,8050,3451
strasbourg_000001_024152,2,car,26006,781,100,70,30,546,235
strasbourg_000001_024152,2,car,26007,5148,100,70,30,3603,1545
strasbourg_000001_024152,2,car,26008,40772,100,70,30,28540,12232
strasbourg_000001_024152,3,motorcycle,32000,9193,100,70,30,6435,2758
zurich_000014_000019,1,person,24000,3930,100,70,30,2751,1179
zurich_000014_000019,1,person,24001,3738,100,70,30,2616,1122
zurich_000014_000019,1,person,24002,3469,100,70,30,2428,1041
zurich_000014_000019,1,person,24003,1855,100,70,30,1298,557
zurich_000014_000019,1,person,24004,346,100,70,30,242,104
zurich_000014_000019,1,person,24005,2216,100,70,30,1551,665
zurich_000014_000019,1,person,25000,1233,100,70,30,863,370
zurich_000014_000019,1,person,25001,11691,100,70,30,8183,3508
zurich_000014_000019,2,car,26000,2776,100,70,30,1943,833
zurich_000014_000019,2,car,26001,5014,100,70,30,3509,1505
zurich_000014_000019,2,car,26002,46196,100,70,30,32337,13859
zurich_000014_000019,3,motorcycle,32000,5556,100,70,30,3889,1667
