split,city,sample_id,image_path,label_path,instance_path,person_pixels,car_pixels,motorcycle_pixels,person_instances,car_instances,motorcycle_instances,has_all_three,passes_minimum,passes_ratio,selection_tier,selection_tier_name,person_ratio,car_ratio,motorcycle_ratio,total_target_pixels,balance_error,balance_score,quantity_score,instance_score,total_area_score,motorcycle_ratio_score,score,pilot_split,pilot_image_path,pilot_label_path,pilot_instance_path,pilot_target_mask_path
train,hamburg,hamburg_000000_091900,"C:\Documents\Year 4 , Term 1\multiclass_scsc\data\raw\leftImg8bit\train\hamburg\hamburg_000000_091900_leftImg8bit.png","C:\Documents\Year 4 , Term 1\multiclass_scsc\data\raw\gtFine\train\hamburg\hamburg_000000_091900_gtFine_labelIds.png","C:\Documents\Year 4 , Term 1\multiclass_scsc\data\raw\gtFine\train\hamburg\hamburg_000000_091900_gtFine_instanceIds.png",29771,56907,26540,6,7,3,True,True,True,1,Tier 1 - Strong and balanced,0.262952887350068,0.502632090303662,0.23441502234627,113218,0.0370471126499319,0.962952887350068,1.0,1.0,1.0,1.0,98.51811549400271,train,"C:\Documents\Year 4 , Term 1\multiclass_scsc\data\processed\pilot_30\train\images\hamburg_000000_091900_leftImg8bit.png","C:\Documents\Year 4 , Term 1\multiclass_scsc\data\processed\pilot_30\train\label_ids\hamburg_000000_091900_gtFine_labelIds.png","C:\Documents\Year 4 , Term 1\multiclass_scsc\data\processed\pilot_30\train\instance_ids\hamburg_000000_091900_gtFine_instanceIds.png","C:\Documents\Year 4 , Term 1\multiclass_scsc\data\processed\pilot_30\train\target_masks\hamburg_000000_091900_targetMask.png"
train,hanover,hanover_000000_026743,"C:\Documents\Year 4 , Term 1\multiclass_scsc\data\raw\leftImg8bit\train\hanover\hanover_000000_026743_leftImg8bit.png","C:\Documents\Year 4 , Term 1\multiclass_scsc\data\raw\gtFine\train\hanover\hanover_000000_026743_gtFine_labelIds.png","C:\Documents\Year 4 , Term 1\multiclass_scsc\data\raw\gtFine\train\hanover\hanover_000000_026743_gtFine_instanceIds.png",15889,38564,22113,14,11,4,True,True,True,1,Tier 1 - Strong and balanced,0.2075203092756576,0.5036700363085442,0.2888096544157981,76566,0.0924796907243423,0.9075203092756576,1.0,1.0,1.0,1.0,96.30081237102632,train,"C:\Documents\Year 4 , Term 1\multiclass_scsc\data\processed\pilot_30\train\images\hanover_000000_026743_leftImg8bit.png","C:\Documents\Year 4 , Term 1\multiclass_scsc\data\processed\pilot_30\train\label_ids\hanover_000000_026743_gtFine_labelIds.png","C:\Documents\Year 4 , Term 1\multiclass_scsc\data\processed\pilot_30\train\instance_ids\hanover_000000_026743_gtFine_instanceIds.png","C:\Documents\Year 4 , Term 1\multiclass_scsc\data\processed\pilot_30\train\target_masks\hanover_000000_026743_targetMask.png"
train,bremen,bremen_000054_000019,"C:\Documents\Year 4 , Term 1\multiclass_scsc\data\raw\leftImg8bit\train\bremen\bremen_000054_000019_leftImg8bit.png","C:\Documents\Year 4 , Term 1\multiclass_scsc\data\raw\gtFine\train\bremen\bremen_000054_000019_gtFine_labelIds.png","C:\Documents\Year 4 , Term 1\multiclass_scsc\data\raw\gtFine\train\bremen\bremen_000054_000019_gtFine_instanceIds.png",21508,26166,14071,7,5,2,True,True,True,1,Tier 1 - Strong and balanced,0.3483358976435339,0.4237752044699975,0.2278888978864685,61745,0.0762247955300024,0.9237752044699976,0.9554442712379588,0.9410360288810286,1.0,1.0,94.7298767491541,train,"C:\Documents\Year 4 , Term 1\multiclass_scsc\data\processed\pilot_30\train\images\bremen_000054_000019_leftImg8bit.png","C:\Documents\Year 4 , Term 1\multiclass_scsc\data\processed\pilot_30\train\label_ids\bremen_000054_000019_gtFine_labelIds.png","C:\Documents\Year 4 , Term 1\multiclass_scsc\data\processed\pilot_30\train\instance_ids\bremen_000054_000019_gtFine_instanceIds.png","C:\Documents\Year 4 , Term 1\multiclass_scsc\data\processed\pilot_30\train\target_masks\bremen_000054_000019_targetMask.png"
train,weimar,weimar_000017_000019,"C:\Documents\Year 4 , Term 1\multiclass_scsc\data\raw\leftImg8bit\train\weimar\weimar_000017_000019_leftImg8bit.png","C:\Documents\Year 4 , Term 1\multiclass_scsc\data\raw\gtFine\train\weimar\weimar_000017_000019_gtFine_labelIds.png","C:\Documents\Year 4 , Term 1\multiclass_scsc\data\raw\gtFine\train\weimar\weimar_000017_000019_gtFine_instanceIds.png",43006,64140,30633,11,4,1,True,True,True,1,Tier 1 - Strong and balanced,0.3121375536184759,0.4655281283795063,0.2223343180020177,137779,0.0344718716204936,0.9655281283795064,1.0,0.6933612743506347,1.0,1.0,94.02154425043976,train,"C:\Documents\Year 4 , Term 1\multiclass_scsc\data\processed\pilot_30\train\images\weimar_000017_000019_leftImg8bit.png","C:\Documents\Year 4 , Term 1\multiclass_scsc\data\processed\pilot_30\train\label_ids\weimar_000017_000019_gtFine_labelIds.png","C:\Documents\Year 4 , Term 1\multiclass_scsc\data\processed\pilot_30\train\instance_ids\weimar_000017_000019_gtFine_instanceIds.png","C:\Documents\Year 4 , Term 1\multiclass_scsc\data\processed\pilot_30\train\target_masks\weimar_000017_000019_targetMask.png"
train,monchengladbach,monchengladbach_000000_002255,"C:\Documents\Year 4 , Term 1\multiclass_scsc\data\raw\leftImg8bit\train\monchengladbach\monchengladbach_000000_002255_leftImg8bit.png","C:\Documents\Year 4 , Term 1\multiclass_scsc\data\raw\gtFine\train\monchengladbach\monchengladbach_000000_002255_gtFine_labelIds.png","C:\Documents\Year 4 , Term 1\multiclass_scsc\data\raw\gtFine\train\monchengladbach\monchengladbach_000000_002255_gtFine_instanceIds.png",18405,28822,10721,2,8,1,True,True,True,1,Tier 1 - Strong and balanced,0.3176123420998136,0.4973769586525851,0.1850106992476013,57948,0.0176123420998136,0.9823876579001865,0.9867359540661724,0.6299605249474366,1.0,0.9250534962380064,92.9722602933942,train,"C:\Documents\Year 4 , Term 1\multiclass_scsc\data\processed\pilot_30\train\images\monchengladbach_000000_002255_leftImg8bit.png","C:\Documents\Year 4 , Term 1\multiclass_scsc\data\processed\pilot_30\train\label_ids\monchengladbach_000000_002255_gtFine_labelIds.png","C:\Documents\Year 4 , Term 1\multiclass_scsc\data\processed\pilot_30\train\instance_ids\monchengladbach_000000_002255_gtFine_instanceIds.png","C:\Documents\Year 4 , Term 1\multiclass_scsc\data\processed\pilot_30\train\target_masks\monchengladbach_000000_002255_targetMask.png"
train,zurich,zurich_000052_000019,"C:\Documents\Year 4 , Term 1\multiclass_scsc\data\raw\leftImg8bit\train\zurich\zurich_000052_000019_leftImg8bit.png","C:\Documents\Year 4 , Term 1\multiclass_scsc\data\raw\gtFine\train\zurich\zurich_000052_000019_gtFine_labelIds.png","C:\Documents\Year 4 , Term 1\multiclass_scsc\data\raw\gtFine\train\zurich\zurich_000052_000019_gtFine_instanceIds.png",21358,33724,7755,10,8,3,True,True,True,1,Tier 1 - Strong and balanced,0.3398952846253004,0.5366901666215764,0.1234145487531231,62837,0.0765854512468768,0.9234145487531232,0.9187427691596214,1.0,1.0,0.6170727437656157,92.58422874374163,train,"C:\Documents\Year 4 , Term 1\multiclass_scsc\data\processed\pilot_30\train\images\zurich_000052_000019_leftImg8bit.png","C:\Documents\Year 4 , Term 1\multiclass_scsc\data\processed\pilot_30\train\label_ids\zurich_000052_000019_gtFine_labelIds.png","C:\Documents\Year 4 , Term 1\multiclass_scsc\data\processed\pilot_30\train\instance_ids\zurich_000052_000019_gtFine_instanceIds.png","C:\Documents\Year 4 , Term 1\multiclass_scsc\data\processed\pilot_30\train\target_masks\zurich_000052_000019_targetMask.png"
train,ulm,ulm_000069_000019,"C:\Documents\Year 4 , Term 1\multiclass_scsc\data\raw\leftImg8bit\train\ulm\ulm_000069_000019_leftImg8bit.png","C:\Documents\Year 4 , Term 1\multiclass_scsc\data\raw\gtFine\train\ulm\ulm_000069_000019_gtFine_labelIds.png","C:\Documents\Year 4 , Term 1\multiclass_scsc\data\raw\gtFine\train\ulm\ulm_000069_000019_gtFine_instanceIds.png",117420,356878,80308,3,9,4,True,True,True,1,Tier 1 - Strong and balanced,0.2117178681802937,0.6434802364200892,0.144801895399617,554606,0.1434802364200892,0.8565197635799108,1.0,0.9085602964160698,1.0,0.724009476998085,91.5092423744279,train,"C:\Documents\Year 4 , Term 1\multiclass_scsc\data\processed\pilot_30\train\images\ulm_000069_000019_leftImg8bit.png","C:\Documents\Year 4 , Term 1\multiclass_scsc\data\processed\pilot_30\train\label_ids\ulm_000069_000019_gtFine_labelIds.png","C:\Documents\Year 4 , Term 1\multiclass_scsc\data\processed\pilot_30\train\instance_ids\ulm_000069_000019_gtFine_instanceIds.png","C:\Documents\Year 4 , Term 1\multiclass_scsc\data\processed\pilot_30\train\target_masks\ulm_000069_000019_targetMask.png"
train,strasbourg,strasbourg_000001_005289,"C:\Documents\Year 4 , Term 1\multiclass_scsc\data\raw\leftImg8bit\train\strasbourg\strasbourg_000001_005289_leftImg8bit.png","C:\Documents\Year 4 , Term 1\multiclass_scsc\data\raw\gtFine\train\strasbourg\strasbourg_000001_005289_gtFine_labelIds.png","C:\Documents\Year 4 , Term 1\multiclass_scsc\data\raw\gtFine\train\strasbourg\strasbourg_000001_005289_gtFine_instanceIds.png",20781,30089,9395,2,7,1,True,True,True,1,Tier 1 - Strong and balanced,0.3448270140214055,0.4992781880029868,0.1558947979756077,60265,0.0448270140214054,0.9551729859785943,0.9794123924308914,0.6299605249474366,1.0,0.7794739898780386,90.93606903567226,train,"C:\Documents\Year 4 , Term 1\multiclass_scsc\data\processed\pilot_30\train\images\strasbourg_000001_005289_leftImg8bit.png","C:\Documents\Year 4 , Term 1\multiclass_scsc\data\processed\pilot_30\train\label_ids\strasbourg_000001_005289_gtFine_labelIds.png","C:\Documents\Year 4 , Term 1\multiclass_scsc\data\processed\pilot_30\train\instance_ids\strasbourg_000001_005289_gtFine_instanceIds.png","C:\Documents\Year 4 , Term 1\multiclass_scsc\data\processed\pilot_30\train\target_masks\strasbourg_000001_005289_targetMask.png"
train,bremen,bremen_000052_000019,"C:\Documents\Year 4 , Term 1\multiclass_scsc\data\raw\leftImg8bit\train\bremen\bremen_000052_000019_leftImg8bit.png","C:\Documents\Year 4 , Term 1\multiclass_scsc\data\raw\gtFine\train\bremen\bremen_000052_000019_gtFine_labelIds.png","C:\Documents\Year 4 , Term 1\multiclass_scsc\data\raw\gtFine\train\bremen\bremen_000052_000019_gtFine_instanceIds.png",53240,110683,9616,27,10,2,True,True,True,1,Tier 1 - Strong and balanced,0.3067898282230507,0.637798996191058,0.0554111755858913,173539,0.1445888244141086,0.8554111755858913,0.9870325726707948,1.0,1.0,0.2770558779294567,90.21270359320678,train,"C:\Documents\Year 4 , Term 1\multiclass_scsc\data\processed\pilot_30\train\images\bremen_000052_000019_leftImg8bit.png","C:\Documents\Year 4 , Term 1\multiclass_scsc\data\processed\pilot_30\train\label_ids\bremen_000052_000019_gtFine_labelIds.png","C:\Documents\Year 4 , Term 1\multiclass_scsc\data\processed\pilot_30\train\instance_ids\bremen_000052_000019_gtFine_instanceIds.png","C:\Documents\Year 4 , Term 1\multiclass_scsc\data\processed\pilot_30\train\target_masks\bremen_000052_000019_targetMask.png"
train,hamburg,hamburg_000000_071675,"C:\Documents\Year 4 , Term 1\multiclass_scsc\data\raw\leftImg8bit\train\hamburg\hamburg_000000_071675_leftImg8bit.png","C:\Documents\Year 4 , Term 1\multiclass_scsc\data\raw\gtFine\train\hamburg\hamburg_000000_071675_gtFine_labelIds.png","C:\Documents\Year 4 , Term 1\multiclass_scsc\data\raw\gtFine\train\hamburg\hamburg_000000_071675_gtFine_instanceIds.png",20507,71297,10294,15,15,2,True,True,True,1,Tier 1 - Strong and balanced,0.2008560402750298,0.6983192618856393,0.1008246978393308,102098,0.1983192618856393,0.8016807381143607,1.0,1.0,1.0,0.5041234891966542,89.5878469705577,train,"C:\Documents\Year 4 , Term 1\multiclass_scsc\data\processed\pilot_30\train\images\hamburg_000000_071675_leftImg8bit.png","C:\Documents\Year 4 , Term 1\multiclass_scsc\data\processed\pilot_30\train\label_ids\hamburg_000000_071675_gtFine_labelIds.png","C:\Documents\Year 4 , Term 1\multiclass_scsc\data\processed\pilot_30\train\instance_ids\hamburg_000000_071675_gtFine_instanceIds.png","C:\Documents\Year 4 , Term 1\multiclass_scsc\data\processed\pilot_30\train\target_masks\hamburg_000000_071675_targetMask.png"
train,zurich,zurich_000069_000019,"C:\Documents\Year 4 , Term 1\multiclass_scsc\data\raw\leftImg8bit\train\zurich\zurich_000069_000019_leftImg8bit.png","C:\Documents\Year 4 , Term 1\multiclass_scsc\data\raw\gtFine\train\zurich\zurich_000069_000019_gtFine_labelIds.png","C:\Documents\Year 4 , Term 1\multiclass_scsc\data\raw\gtFine\train\zurich\zurich_000069_000019_gtFine_instanceIds.png",50857,240477,38021,9,6,5,True,True,True,1,Tier 1 - Strong and balanced,0.1544139302576247,0.7301452839641117,0.1154407857782635,329355,0.2301452839641116,0.7698547160358884,1.0,1.0,1.0,0.5772039288913179,88.68020828589212,train,"C:\Documents\Year 4 , Term 1\multiclass_scsc\data\processed\pilot_30\train\images\zurich_000069_000019_leftImg8bit.png","C:\Documents\Year 4 , Term 1\multiclass_scsc\data\processed\pilot_30\train\label_ids\zurich_000069_000019_gtFine_labelIds.png","C:\Documents\Year 4 , Term 1\multiclass_scsc\data\processed\pilot_30\train\instance_ids\zurich_000069_000019_gtFine_instanceIds.png","C:\Documents\Year 4 , Term 1\multiclass_scsc\data\processed\pilot_30\train\target_masks\zurich_000069_000019_targetMask.png"
train,hamburg,hamburg_000000_018592,"C:\Documents\Year 4 , Term 1\multiclass_scsc\data\raw\leftImg8bit\train\hamburg\hamburg_000000_018592_leftImg8bit.png","C:\Documents\Year 4 , Term 1\multiclass_scsc\data\raw\gtFine\train\hamburg\hamburg_000000_018592_gtFine_labelIds.png","C:\Documents\Year 4 , Term 1\multiclass_scsc\data\raw\gtFine\train\hamburg\hamburg_000000_018592_gtFine_instanceIds.png",21274,92912,13571,4,26,2,True,True,True,1,Tier 1 - Strong and balanced,0.1665192513913131,0.7272556493969019,0.1062250992117848,127757,0.2272556493969019,0.7727443506030981,1.0,1.0,1.0,0.5311254960589243,88.56540150441855,train,"C:\Documents\Year 4 , Term 1\multiclass_scsc\data\processed\pilot_30\train\images\hamburg_000000_018592_leftImg8bit.png","C:\Documents\Year 4 , Term 1\multiclass_scsc\data\processed\pilot_30\train\label_ids\hamburg_000000_018592_gtFine_labelIds.png","C:\Documents\Year 4 , Term 1\multiclass_scsc\data\processed\pilot_30\train\instance_ids\hamburg_000000_018592_gtFine_instanceIds.png","C:\Documents\Year 4 , Term 1\multiclass_scsc\data\processed\pilot_30\train\target_masks\hamburg_000000_018592_targetMask.png"
train,cologne,cologne_000054_000019,"C:\Documents\Year 4 , Term 1\multiclass_scsc\data\raw\leftImg8bit\train\cologne\cologne_000054_000019_leftImg8bit.png","C:\Documents\Year 4 , Term 1\multiclass_scsc\data\raw\gtFine\train\cologne\cologne_000054_000019_gtFine_labelIds.png","C:\Documents\Year 4 , Term 1\multiclass_scsc\data\raw\gtFine\train\cologne\cologne_000054_000019_gtFine_instanceIds.png",21790,158357,30405,10,12,2,True,True,True,1,Tier 1 - Strong and balanced,0.1034898742353432,0.7521039933128159,0.1444061324518408,210552,0.2521039933128158,0.7478960066871841,1.0,1.0,1.0,0.7220306622592043,88.52599357878339,train,"C:\Documents\Year 4 , Term 1\multiclass_scsc\data\processed\pilot_30\train\images\cologne_000054_000019_leftImg8bit.png","C:\Documents\Year 4 , Term 1\multiclass_scsc\data\processed\pilot_30\train\label_ids\cologne_000054_000019_gtFine_labelIds.png","C:\Documents\Year 4 , Term 1\multiclass_scsc\data\processed\pilot_30\train\instance_ids\cologne_000054_000019_gtFine_instanceIds.png","C:\Documents\Year 4 , Term 1\multiclass_scsc\data\processed\pilot_30\train\target_masks\cologne_000054_000019_targetMask.png"
train,hanover,hanover_000000_040051,"C:\Documents\Year 4 , Term 1\multiclass_scsc\data\raw\leftImg8bit\train\hanover\hanover_000000_040051_leftImg8bit.png","C:\Documents\Year 4 , Term 1\multiclass_scsc\data\raw\gtFine\train\hanover\hanover_000000_040051_gtFine_labelIds.png","C:\Documents\Year 4 , Term 1\multiclass_scsc\data\raw\gtFine\train\hanover\hanover_000000_040051_gtFine_instanceIds.png",20809,74080,16818,17,5,1,True,True,True,1,Tier 1 - Strong and balanced,0.1862819697959841,0.6631634543940845,0.1505545758099313,111707,0.1631634543940845,0.8368365456059155,1.0,0.7469007910928608,1.0,0.7527728790496566,88.44083808587781,train,"C:\Documents\Year 4 , Term 1\multiclass_scsc\data\processed\pilot_30\train\images\hanover_000000_040051_leftImg8bit.png","C:\Documents\Year 4 , Term 1\multiclass_scsc\data\processed\pilot_30\train\label_ids\hanover_000000_040051_gtFine_labelIds.png","C:\Documents\Year 4 , Term 1\multiclass_scsc\data\processed\pilot_30\train\instance_ids\hanover_000000_040051_gtFine_instanceIds.png","C:\Documents\Year 4 , Term 1\multiclass_scsc\data\processed\pilot_30\train\target_masks\hanover_000000_040051_targetMask.png"
train,hamburg,hamburg_000000_088983,"C:\Documents\Year 4 , Term 1\multiclass_scsc\data\raw\leftImg8bit\train\hamburg\hamburg_000000_088983_leftImg8bit.png","C:\Documents\Year 4 , Term 1\multiclass_scsc\data\raw\gtFine\train\hamburg\hamburg_000000_088983_gtFine_labelIds.png","C:\Documents\Year 4 , Term 1\multiclass_scsc\data\raw\gtFine\train\hamburg\hamburg_000000_088983_gtFine_instanceIds.png",77406,287312,26402,11,20,2,True,True,True,1,Tier 1 - Strong and balanced,0.1979085702597668,0.73458785027613,0.067503579464103,391120,0.23458785027613,0.76541214972387,1.0,1.0,1.0,0.3375178973205154,87.30407547555737,train,"C:\Documents\Year 4 , Term 1\multiclass_scsc\data\processed\pilot_30\train\images\hamburg_000000_088983_leftImg8bit.png","C:\Documents\Year 4 , Term 1\multiclass_scsc\data\processed\pilot_30\train\label_ids\hamburg_000000_088983_gtFine_labelIds.png","C:\Documents\Year 4 , Term 1\multiclass_scsc\data\processed\pilot_30\train\instance_ids\hamburg_000000_088983_gtFine_instanceIds.png","C:\Documents\Year 4 , Term 1\multiclass_scsc\data\processed\pilot_30\train\target_masks\hamburg_000000_088983_targetMask.png"
train,tubingen,tubingen_000052_000019,"C:\Documents\Year 4 , Term 1\multiclass_scsc\data\raw\leftImg8bit\train\tubingen\tubingen_000052_000019_leftImg8bit.png","C:\Documents\Year 4 , Term 1\multiclass_scsc\data\raw\gtFine\train\tubingen\tubingen_000052_000019_gtFine_labelIds.png","C:\Documents\Year 4 , Term 1\multiclass_scsc\data\raw\gtFine\train\tubingen\tubingen_000052_000019_gtFine_instanceIds.png",11304,86178,13208,5,11,2,True,True,True,1,Tier 1 - Strong and balanced,0.10212304634565,0.7785527147890505,0.1193242388652994,110690,0.2785527147890505,0.7214472852109495,1.0,1.0,1.0,0.5966211943264974,86.84099738007046,train,"C:\Documents\Year 4 , Term 1\multiclass_scsc\data\processed\pilot_30\train\images\tubingen_000052_000019_leftImg8bit.png","C:\Documents\Year 4 , Term 1\multiclass_scsc\data\processed\pilot_30\train\label_ids\tubingen_000052_000019_gtFine_labelIds.png","C:\Documents\Year 4 , Term 1\multiclass_scsc\data\processed\pilot_30\train\instance_ids\tubingen_000052_000019_gtFine_instanceIds.png","C:\Documents\Year 4 , Term 1\multiclass_scsc\data\processed\pilot_30\train\target_masks\tubingen_000052_000019_targetMask.png"
train,aachen,aachen_000041_000019,"C:\Documents\Year 4 , Term 1\multiclass_scsc\data\raw\leftImg8bit\train\aachen\aachen_000041_000019_leftImg8bit.png","C:\Documents\Year 4 , Term 1\multiclass_scsc\data\raw\gtFine\train\aachen\aachen_000041_000019_gtFine_labelIds.png","C:\Documents\Year 4 , Term 1\multiclass_scsc\data\raw\gtFine\train\aachen\aachen_000041_000019_gtFine_instanceIds.png",43171,204869,35507,10,8,1,True,True,True,1,Tier 1 - Strong and balanced,0.1522534183045491,0.7225221920880842,0.1252243896073666,283547,0.2225221920880842,0.7774778079119158,1.0,0.7937005259840998,1.0,0.6261219480368333,86.13522994642229,train,"C:\Documents\Year 4 , Term 1\multiclass_scsc\data\processed\pilot_30\train\images\aachen_000041_000019_leftImg8bit.png","C:\Documents\Year 4 , Term 1\multiclass_scsc\data\processed\pilot_30\train\label_ids\aachen_000041_000019_gtFine_labelIds.png","C:\Documents\Year 4 , Term 1\multiclass_scsc\data\processed\pilot_30\train\instance_ids\aachen_000041_000019_gtFine_instanceIds.png","C:\Documents\Year 4 , Term 1\multiclass_scsc\data\processed\pilot_30\train\target_masks\aachen_000041_000019_targetMask.png"
train,zurich,zurich_000041_000019,"C:\Documents\Year 4 , Term 1\multiclass_scsc\data\raw\leftImg8bit\train\zurich\zurich_000041_000019_leftImg8bit.png","C:\Documents\Year 4 , Term 1\multiclass_scsc\data\raw\gtFine\train\zurich\zurich_000041_000019_gtFine_labelIds.png","C:\Documents\Year 4 , Term 1\multiclass_scsc\data\raw\gtFine\train\zurich\zurich_000041_000019_gtFine_instanceIds.png",55903,406714,61675,18,4,2,True,True,True,1,Tier 1 - Strong and balanced,0.1066256971306066,0.7757394734232069,0.1176348294461864,524292,0.2757394734232069,0.7242605265767931,1.0,0.8735804647362989,1.0,0.5881741472309323,85.01499877027086,train,"C:\Documents\Year 4 , Term 1\multiclass_scsc\data\processed\pilot_30\train\images\zurich_000041_000019_leftImg8bit.png","C:\Documents\Year 4 , Term 1\multiclass_scsc\data\processed\pilot_30\train\label_ids\zurich_000041_000019_gtFine_labelIds.png","C:\Documents\Year 4 , Term 1\multiclass_scsc\data\processed\pilot_30\train\instance_ids\zurich_000041_000019_gtFine_instanceIds.png","C:\Documents\Year 4 , Term 1\multiclass_scsc\data\processed\pilot_30\train\target_masks\zurich_000041_000019_targetMask.png"
train,hamburg,hamburg_000000_027304,"C:\Documents\Year 4 , Term 1\multiclass_scsc\data\raw\leftImg8bit\train\hamburg\hamburg_000000_027304_leftImg8bit.png","C:\Documents\Year 4 , Term 1\multiclass_scsc\data\raw\gtFine\train\hamburg\hamburg_000000_027304_gtFine_labelIds.png","C:\Documents\Year 4 , Term 1\multiclass_scsc\data\raw\gtFine\train\hamburg\hamburg_000000_027304_gtFine_instanceIds.png",34414,203872,32627,18,11,1,True,True,True,1,Tier 1 - Strong and balanced,0.1270297106451148,0.75253679225434,0.1204334971005452,270913,0.2525367922543399,0.74746320774566,1.0,0.7937005259840998,1.0,0.6021674855027259,84.81487362710153,train,"C:\Documents\Year 4 , Term 1\multiclass_scsc\data\processed\pilot_30\train\images\hamburg_000000_027304_leftImg8bit.png","C:\Documents\Year 4 , Term 1\multiclass_scsc\data\processed\pilot_30\train\label_ids\hamburg_000000_027304_gtFine_labelIds.png","C:\Documents\Year 4 , Term 1\multiclass_scsc\data\processed\pilot_30\train\instance_ids\hamburg_000000_027304_gtFine_instanceIds.png","C:\Documents\Year 4 , Term 1\multiclass_scsc\data\processed\pilot_30\train\target_masks\hamburg_000000_027304_targetMask.png"
train,bremen,bremen_000217_000019,"C:\Documents\Year 4 , Term 1\multiclass_scsc\data\raw\leftImg8bit\train\bremen\bremen_000217_000019_leftImg8bit.png","C:\Documents\Year 4 , Term 1\multiclass_scsc\data\raw\gtFine\train\bremen\bremen_000217_000019_gtFine_labelIds.png","C:\Documents\Year 4 , Term 1\multiclass_scsc\data\raw\gtFine\train\bremen\bremen_000217_000019_gtFine_instanceIds.png",31794,139971,22140,18,4,1,True,True,True,1,Tier 1 - Strong and balanced,0.1639668910033263,0.7218534849539723,0.1141796240427013,193905,0.2218534849539723,0.7781465150460277,1.0,0.6933612743506347,1.0,0.5708981202135066,84.38077031816815,train,"C:\Documents\Year 4 , Term 1\multiclass_scsc\data\processed\pilot_30\train\images\bremen_000217_000019_leftImg8bit.png","C:\Documents\Year 4 , Term 1\multiclass_scsc\data\processed\pilot_30\train\label_ids\bremen_000217_000019_gtFine_labelIds.png","C:\Documents\Year 4 , Term 1\multiclass_scsc\data\processed\pilot_30\train\instance_ids\bremen_000217_000019_gtFine_instanceIds.png","C:\Documents\Year 4 , Term 1\multiclass_scsc\data\processed\pilot_30\train\target_masks\bremen_000217_000019_targetMask.png"
train,tubingen,tubingen_000056_000019,"C:\Documents\Year 4 , Term 1\multiclass_scsc\data\raw\leftImg8bit\train\tubingen\tubingen_000056_000019_leftImg8bit.png","C:\Documents\Year 4 , Term 1\multiclass_scsc\data\raw\gtFine\train\tubingen\tubingen_000056_000019_gtFine_labelIds.png","C:\Documents\Year 4 , Term 1\multiclass_scsc\data\raw\gtFine\train\tubingen\tubingen_000056_000019_gtFine_instanceIds.png",44924,137835,11450,14,5,1,True,True,True,1,Tier 1 - Strong and balanced,0.231317807104717,0.709725089980382,0.0589571029149009,194209,0.2097250899803819,0.790274910019618,1.0,0.7469007910928608,1.0,0.2947855145745047,84.28843584005016,train,"C:\Documents\Year 4 , Term 1\multiclass_scsc\data\processed\pilot_30\train\images\tubingen_000056_000019_leftImg8bit.png","C:\Documents\Year 4 , Term 1\multiclass_scsc\data\processed\pilot_30\train\label_ids\tubingen_000056_000019_gtFine_labelIds.png","C:\Documents\Year 4 , Term 1\multiclass_scsc\data\processed\pilot_30\train\instance_ids\tubingen_000056_000019_gtFine_instanceIds.png","C:\Documents\Year 4 , Term 1\multiclass_scsc\data\processed\pilot_30\train\target_masks\tubingen_000056_000019_targetMask.png"
train,strasbourg,strasbourg_000000_013223,"C:\Documents\Year 4 , Term 1\multiclass_scsc\data\raw\leftImg8bit\train\strasbourg\strasbourg_000000_013223_leftImg8bit.png","C:\Documents\Year 4 , Term 1\multiclass_scsc\data\raw\gtFine\train\strasbourg\strasbourg_000000_013223_gtFine_labelIds.png","C:\Documents\Year 4 , Term 1\multiclass_scsc\data\raw\gtFine\train\strasbourg\strasbourg_000000_013223_gtFine_instanceIds.png",19007,96293,8204,10,16,2,True,True,True,1,Tier 1 - Strong and balanced,0.1538978494623656,0.7796751522217904,0.066426998315844,123504,0.2796751522217904,0.7203248477782096,0.9361423310962332,1.0,1.0,0.33213499157922,83.55793880191149,train,"C:\Documents\Year 4 , Term 1\multiclass_scsc\data\processed\pilot_30\train\images\strasbourg_000000_013223_leftImg8bit.png","C:\Documents\Year 4 , Term 1\multiclass_scsc\data\processed\pilot_30\train\label_ids\strasbourg_000000_013223_gtFine_labelIds.png","C:\Documents\Year 4 , Term 1\multiclass_scsc\data\processed\pilot_30\train\instance_ids\strasbourg_000000_013223_gtFine_instanceIds.png","C:\Documents\Year 4 , Term 1\multiclass_scsc\data\processed\pilot_30\train\target_masks\strasbourg_000000_013223_targetMask.png"
train,strasbourg,strasbourg_000001_024152,"C:\Documents\Year 4 , Term 1\multiclass_scsc\data\raw\leftImg8bit\train\strasbourg\strasbourg_000001_024152_leftImg8bit.png","C:\Documents\Year 4 , Term 1\multiclass_scsc\data\raw\gtFine\train\strasbourg\strasbourg_000001_024152_gtFine_labelIds.png","C:\Documents\Year 4 , Term 1\multiclass_scsc\data\raw\gtFine\train\strasbourg\strasbourg_000001_024152_gtFine_instanceIds.png",10840,69052,9193,3,9,1,True,True,True,1,Tier 1 - Strong and balanced,0.1216815401021496,0.7751248807318852,0.1031935791659651,89085,0.2751248807318852,0.7248751192681148,0.9723420925517784,0.7211247851537042,1.0,0.5159678958298255,81.56197880373263,train,"C:\Documents\Year 4 , Term 1\multiclass_scsc\data\processed\pilot_30\train\images\strasbourg_000001_024152_leftImg8bit.png","C:\Documents\Year 4 , Term 1\multiclass_scsc\data\processed\pilot_30\train\label_ids\strasbourg_000001_024152_gtFine_labelIds.png","C:\Documents\Year 4 , Term 1\multiclass_scsc\data\processed\pilot_30\train\instance_ids\strasbourg_000001_024152_gtFine_instanceIds.png","C:\Documents\Year 4 , Term 1\multiclass_scsc\data\processed\pilot_30\train\target_masks\strasbourg_000001_024152_targetMask.png"
train,zurich,zurich_000014_000019,"C:\Documents\Year 4 , Term 1\multiclass_scsc\data\raw\leftImg8bit\train\zurich\zurich_000014_000019_leftImg8bit.png","C:\Documents\Year 4 , Term 1\multiclass_scsc\data\raw\gtFine\train\zurich\zurich_000014_000019_gtFine_labelIds.png","C:\Documents\Year 4 , Term 1\multiclass_scsc\data\raw\gtFine\train\zurich\zurich_000014_000019_gtFine_instanceIds.png",28478,53986,5556,8,3,1,True,True,True,1,Tier 1 - Strong and balanced,0.3235401045216996,0.6133378777550557,0.0631220177232447,88020,0.1368779822767553,0.8631220177232447,0.8220926127440376,0.6299605249474366,1.0,0.3156100886162236,80.21511740854358,train,"C:\Documents\Year 4 , Term 1\multiclass_scsc\data\processed\pilot_30\train\images\zurich_000014_000019_leftImg8bit.png","C:\Documents\Year 4 , Term 1\multiclass_scsc\data\processed\pilot_30\train\label_ids\zurich_000014_000019_gtFine_labelIds.png","C:\Documents\Year 4 , Term 1\multiclass_scsc\data\processed\pilot_30\train\instance_ids\zurich_000014_000019_gtFine_instanceIds.png","C:\Documents\Year 4 , Term 1\multiclass_scsc\data\processed\pilot_30\train\target_masks\zurich_000014_000019_targetMask.png"
val,frankfurt,frankfurt_000000_012868,"C:\Documents\Year 4 , Term 1\multiclass_scsc\data\raw\leftImg8bit\val\frankfurt\frankfurt_000000_012868_leftImg8bit.png","C:\Documents\Year 4 , Term 1\multiclass_scsc\data\raw\gtFine\val\frankfurt\frankfurt_000000_012868_gtFine_labelIds.png","C:\Documents\Year 4 , Term 1\multiclass_scsc\data\raw\gtFine\val\frankfurt\frankfurt_000000_012868_gtFine_instanceIds.png",64937,233614,92332,9,6,2,True,True,True,1,Tier 1 - Strong and balanced,0.1661289951213022,0.5976570994389625,0.2362139054397351,390883,0.1338710048786976,0.8661289951213023,1.0,1.0,1.0,1.0,94.6451598048521,val,"C:\Documents\Year 4 , Term 1\multiclass_scsc\data\processed\pilot_30\val\images\frankfurt_000000_012868_leftImg8bit.png","C:\Documents\Year 4 , Term 1\multiclass_scsc\data\processed\pilot_30\val\label_ids\frankfurt_000000_012868_gtFine_labelIds.png","C:\Documents\Year 4 , Term 1\multiclass_scsc\data\processed\pilot_30\val\instance_ids\frankfurt_000000_012868_gtFine_instanceIds.png","C:\Documents\Year 4 , Term 1\multiclass_scsc\data\processed\pilot_30\val\target_masks\frankfurt_000000_012868_targetMask.png"
val,frankfurt,frankfurt_000000_017476,"C:\Documents\Year 4 , Term 1\multiclass_scsc\data\raw\leftImg8bit\val\frankfurt\frankfurt_000000_017476_leftImg8bit.png","C:\Documents\Year 4 , Term 1\multiclass_scsc\data\raw\gtFine\val\frankfurt\frankfurt_000000_017476_gtFine_labelIds.png","C:\Documents\Year 4 , Term 1\multiclass_scsc\data\raw\gtFine\val\frankfurt\frankfurt_000000_017476_gtFine_instanceIds.png",22452,60545,13043,3,10,2,True,True,True,1,Tier 1 - Strong and balanced,0.2337775926697209,0.630414410662224,0.135807996668055,96040,0.130414410662224,0.869585589337776,1.0,0.9085602964160698,1.0,0.6790399833402749,91.80702793645344,val,"C:\Documents\Year 4 , Term 1\multiclass_scsc\data\processed\pilot_30\val\images\frankfurt_000000_017476_leftImg8bit.png","C:\Documents\Year 4 , Term 1\multiclass_scsc\data\processed\pilot_30\val\label_ids\frankfurt_000000_017476_gtFine_labelIds.png","C:\Documents\Year 4 , Term 1\multiclass_scsc\data\processed\pilot_30\val\instance_ids\frankfurt_000000_017476_gtFine_instanceIds.png","C:\Documents\Year 4 , Term 1\multiclass_scsc\data\processed\pilot_30\val\target_masks\frankfurt_000000_017476_targetMask.png"
val,frankfurt,frankfurt_000000_022797,"C:\Documents\Year 4 , Term 1\multiclass_scsc\data\raw\leftImg8bit\val\frankfurt\frankfurt_000000_022797_leftImg8bit.png","C:\Documents\Year 4 , Term 1\multiclass_scsc\data\raw\gtFine\val\frankfurt\frankfurt_000000_022797_gtFine_labelIds.png","C:\Documents\Year 4 , Term 1\multiclass_scsc\data\raw\gtFine\val\frankfurt\frankfurt_000000_022797_gtFine_instanceIds.png",14268,100119,11964,8,13,5,True,True,True,1,Tier 1 - Strong and balanced,0.1129235225680841,0.7923878718807132,0.0946886055512026,126351,0.2923878718807132,0.7076121281192868,1.0,1.0,1.0,0.473443027756013,85.67170026355153,val,"C:\Documents\Year 4 , Term 1\multiclass_scsc\data\processed\pilot_30\val\images\frankfurt_000000_022797_leftImg8bit.png","C:\Documents\Year 4 , Term 1\multiclass_scsc\data\processed\pilot_30\val\label_ids\frankfurt_000000_022797_gtFine_labelIds.png","C:\Documents\Year 4 , Term 1\multiclass_scsc\data\processed\pilot_30\val\instance_ids\frankfurt_000000_022797_gtFine_instanceIds.png","C:\Documents\Year 4 , Term 1\multiclass_scsc\data\processed\pilot_30\val\target_masks\frankfurt_000000_022797_targetMask.png"
val,frankfurt,frankfurt_000000_009561,"C:\Documents\Year 4 , Term 1\multiclass_scsc\data\raw\leftImg8bit\val\frankfurt\frankfurt_000000_009561_leftImg8bit.png","C:\Documents\Year 4 , Term 1\multiclass_scsc\data\raw\gtFine\val\frankfurt\frankfurt_000000_009561_gtFine_labelIds.png","C:\Documents\Year 4 , Term 1\multiclass_scsc\data\raw\gtFine\val\frankfurt\frankfurt_000000_009561_gtFine_instanceIds.png",17313,27643,4510,8,8,1,True,True,True,1,Tier 1 - Strong and balanced,0.3499979784094125,0.5588282860955,0.0911737354950875,49466,0.1088262645049124,0.8911737354950875,0.7462427994794805,0.7937005259840998,0.98932,0.4558686774754376,82.11228468132661,val,"C:\Documents\Year 4 , Term 1\multiclass_scsc\data\processed\pilot_30\val\images\frankfurt_000000_009561_leftImg8bit.png","C:\Documents\Year 4 , Term 1\multiclass_scsc\data\processed\pilot_30\val\label_ids\frankfurt_000000_009561_gtFine_labelIds.png","C:\Documents\Year 4 , Term 1\multiclass_scsc\data\processed\pilot_30\val\instance_ids\frankfurt_000000_009561_gtFine_instanceIds.png","C:\Documents\Year 4 , Term 1\multiclass_scsc\data\processed\pilot_30\val\target_masks\frankfurt_000000_009561_targetMask.png"
val,munster,munster_000058_000019,"C:\Documents\Year 4 , Term 1\multiclass_scsc\data\raw\leftImg8bit\val\munster\munster_000058_000019_leftImg8bit.png","C:\Documents\Year 4 , Term 1\multiclass_scsc\data\raw\gtFine\val\munster\munster_000058_000019_gtFine_labelIds.png","C:\Documents\Year 4 , Term 1\multiclass_scsc\data\raw\gtFine\val\munster\munster_000058_000019_gtFine_instanceIds.png",15187,77713,7750,5,5,1,True,True,True,1,Tier 1 - Strong and balanced,0.1508892200695479,0.7721112767014406,0.0769995032290114,100650,0.2721112767014406,0.7278887232985594,0.918545275007114,0.7469007910928608,1.0,0.3849975161450571,79.800406629274,val,"C:\Documents\Year 4 , Term 1\multiclass_scsc\data\processed\pilot_30\val\images\munster_000058_000019_leftImg8bit.png","C:\Documents\Year 4 , Term 1\multiclass_scsc\data\processed\pilot_30\val\label_ids\munster_000058_000019_gtFine_labelIds.png","C:\Documents\Year 4 , Term 1\multiclass_scsc\data\processed\pilot_30\val\instance_ids\munster_000058_000019_gtFine_instanceIds.png","C:\Documents\Year 4 , Term 1\multiclass_scsc\data\processed\pilot_30\val\target_masks\munster_000058_000019_targetMask.png"
val,frankfurt,frankfurt_000000_022254,"C:\Documents\Year 4 , Term 1\multiclass_scsc\data\raw\leftImg8bit\val\frankfurt\frankfurt_000000_022254_leftImg8bit.png","C:\Documents\Year 4 , Term 1\multiclass_scsc\data\raw\gtFine\val\frankfurt\frankfurt_000000_022254_gtFine_labelIds.png","C:\Documents\Year 4 , Term 1\multiclass_scsc\data\raw\gtFine\val\frankfurt\frankfurt_000000_022254_gtFine_instanceIds.png",40943,39143,30031,6,6,3,True,True,False,2,Tier 2 - Strong quantities,0.3718136164261649,0.3554673665283289,0.2727190170455061,110117,0.144532633471671,0.855467366528329,1.0,1.0,1.0,1.0,94.21869466113316,val,"C:\Documents\Year 4 , Term 1\multiclass_scsc\data\processed\pilot_30\val\images\frankfurt_000000_022254_leftImg8bit.png","C:\Documents\Year 4 , Term 1\multiclass_scsc\data\processed\pilot_30\val\label_ids\frankfurt_000000_022254_gtFine_labelIds.png","C:\Documents\Year 4 , Term 1\multiclass_scsc\data\processed\pilot_30\val\instance_ids\frankfurt_000000_022254_gtFine_instanceIds.png","C:\Documents\Year 4 , Term 1\multiclass_scsc\data\processed\pilot_30\val\target_masks\frankfurt_000000_022254_targetMask.png"
